{
  "minecraft:story/obtain_armor": {
    "criteria": {
      "iron_boots": "2019-10-26 20:30:47 -0700",
      "iron_chestplate": "2019-10-26 20:30:47 -0700",
      "iron_leggings": "2019-10-26 20:30:47 -0700",
      "iron_helmet": "2019-10-26 20:30:47 -0700"
    },
    "done": true
  },
  "minecraft:husbandry/balanced_diet": {
    "criteria": {
      "enchanted_golden_apple": "2019-10-26 20:01:17 -0700"
    },
    "done": false
  },
  "minecraft:recipes/redstone/sticky_piston": {
    "criteria": {
      "has_slime_ball": "2019-10-26 20:30:47 -0700"
    },
    "done": true
  },
  "minecraft:husbandry/root": {
    "criteria": {
      "consumed_item": "2019-10-26 20:01:17 -0700"
    },
    "done": true
  },
  "minecraft:adventure/root": {
    "criteria": {
      "killed_something": "2019-10-26 20:01:08 -0700"
    },
    "done": true
  },
  "minecraft:recipes/decorations/chest": {
    "criteria": {
      "has_lots_of_items": "2019-10-26 20:30:47 -0700"
    },
    "done": true
  },
  "minecraft:recipes/tools/lead": {
    "criteria": {
      "has_slime_ball": "2019-10-26 20:30:47 -0700"
    },
    "done": true
  },
  "minecraft:recipes/decorations/slime": {
    "criteria": {
      "has_at_least_9_slime_ball": "2019-10-26 20:30:47 -0700"
    },
    "done": true
  },
  "minecraft:adventure/adventuring_time": {
    "criteria": {
      "plains": "2019-10-26 20:00:57 -0700"
    },
    "done": false
  }
}