{
  "minecraft:story/obtain_armor": {
    "criteria": {
      "iron_chestplate": "2019-10-24 13:06:02 -0700"
    },
    "done": true
  },
  "minecraft:recipes/misc/bone_meal_from_bone": {
    "criteria": {
      "has_bone": "2019-10-24 13:04:49 -0700"
    },
    "done": true
  },
  "minecraft:recipes/decorations/chest": {
    "criteria": {
      "has_lots_of_items": "2019-10-24 13:08:12 -0700"
    },
    "done": true
  },
  "minecraft:adventure/root": {
    "criteria": {
      "killed_something": "2019-10-24 13:03:02 -0700"
    },
    "done": true
  },
  "minecraft:adventure/kill_a_mob": {
    "criteria": {
      "skeleton": "2019-10-24 13:04:47 -0700"
    },
    "done": true
  },
  "minecraft:adventure/kill_all_mobs": {
    "criteria": {
      "skeleton": "2019-10-24 13:04:47 -0700",
      "zombie": "2019-10-24 13:06:48 -0700"
    },
    "done": false
  },
  "minecraft:adventure/adventuring_time": {
    "criteria": {
      "plains": "2019-10-24 13:01:10 -0700"
    },
    "done": false
  }
}