{
  "minecraft:recipes/tools/fishing_rod": {
    "criteria": {
      "has_string": "2019-10-26 23:46:56 -0700"
    },
    "done": true
  },
  "minecraft:recipes/combat/bow": {
    "criteria": {
      "has_string": "2019-10-26 23:46:56 -0700"
    },
    "done": true
  },
  "minecraft:recipes/building_blocks/string_to_wool": {
    "criteria": {
      "has_string": "2019-10-26 23:46:56 -0700"
    },
    "done": true
  },
  "minecraft:recipes/redstone/tripwire_hook": {
    "criteria": {
      "has_string": "2019-10-26 23:46:56 -0700"
    },
    "done": true
  },
  "minecraft:adventure/adventuring_time": {
    "criteria": {
      "plains": "2019-10-26 23:46:37 -0700"
    },
    "done": false
  }
}