{
  "minecraft:recipes/redstone/stone_button": {
    "criteria": {
      "has_stone": "2019-10-29 20:11:19 -0700"
    },
    "done": true
  },
  "minecraft:recipes/building_blocks/stonebrick": {
    "criteria": {
      "has_stone": "2019-10-29 20:11:19 -0700"
    },
    "done": true
  },
  "minecraft:recipes/building_blocks/stone_slab": {
    "criteria": {
      "has_stone": "2019-10-29 20:11:19 -0700"
    },
    "done": true
  },
  "minecraft:recipes/redstone/stone_pressure_plate": {
    "criteria": {
      "has_stone": "2019-10-29 20:11:19 -0700"
    },
    "done": true
  }
}