{
  "minecraft:story/obtain_armor": {
    "criteria": {
      "iron_chestplate": "2019-10-25 23:19:19 -0700",
      "iron_leggings": "2019-10-25 23:19:19 -0700"
    },
    "done": true
  },
  "minecraft:recipes/misc/coal": {
    "criteria": {
      "has_the_recipe": "2019-10-25 23:19:41 -0700"
    },
    "done": true
  },
  "minecraft:recipes/building_blocks/coal_block": {
    "criteria": {
      "has_at_least_9_coal": "2019-10-25 23:19:41 -0700"
    },
    "done": true
  },
  "minecraft:adventure/adventuring_time": {
    "criteria": {
      "plains": "2019-10-25 23:19:19 -0700"
    },
    "done": false
  }
}