{"stat.useItem.theaurorian.silentwoodsword":24,"stat.flyOneCm":2797,"stat.walkOneCm":14264,"stat.pickup.minecraft.bone":2,"stat.jump":17,"stat.playOneMinute":2102,"stat.leaveGame":1,"stat.sneakTime":22,"stat.damageTaken":25,"stat.damageDealt":875,"stat.pickup.minecraft.porkchop":2,"stat.killEntity.WitherSkeleton":1,"stat.crouchOneCm":190,"stat.timeSinceDeath":2102,"stat.killEntity.disturbedhollow":3,"stat.sprintOneCm":3676,"stat.mobKills":5,"stat.useItem.minecraft.spawn_egg":5,"stat.useItem.minecraft.stone_slab2":4,"stat.killEntity.Pig":1,"stat.useItem.minecraft.porkchop":2}