{"stat.walkOneCm":13683,"stat.pickup.minecraft.gold_ore":2,"stat.mineBlock.minecraft.lapis_ore":4,"stat.pickup.theaurorian.auroriancobblestone":26,"stat.useItem.theaurorian.silentwoodpickaxe":41,"stat.mineBlock.minecraft.diamond_ore":2,"stat.leaveGame":2,"stat.mineBlock.minecraft.coal_ore":1,"stat.mineBlock.theaurorian.aurorianstone":1,"stat.pickup.minecraft.dye":28,"stat.useItem.theaurorian.moonstonepickaxe":1,"stat.flyOneCm":7380,"stat.pickup.minecraft.diamond":2,"stat.jump":23,"stat.playOneMinute":5142,"stat.pickup.minecraft.coal":1,"stat.fallOneCm":1045,"stat.useItem.minecraft.stone_pickaxe":1,"stat.sneakTime":18,"stat.mineBlock.theaurorian.auroriancobblestone":25,"stat.mineBlock.minecraft.iron_ore":3,"stat.timeSinceDeath":5142,"stat.pickup.theaurorian.silentwoodpickaxe":1,"stat.sprintOneCm":3581,"stat.useItem.minecraft.stone_slab2":74,"stat.mineBlock.minecraft.gold_ore":2,"stat.pickup.minecraft.iron_ore":3}