{"stat.pickup.minecraft.rotten_flesh":1,"stat.chestOpened":3,"stat.walkOneCm":59399,"stat.killEntity.theaurorian.disturbedhollow":20,"stat.useItem.minecraft.chest":1,"stat.pickup.theaurorian.auroriancobblestone":126,"stat.leaveGame":1,"stat.damageTaken":75,"stat.mobKills":22,"stat.mineBlock.theaurorian.aurorianstone":72,"stat.useItem.theaurorian.moonstonesword":82,"stat.useItem.theaurorian.auroriancobblestone":105,"stat.useItem.theaurorian.moonstonepickaxe":126,"stat.flyOneCm":24771,"stat.jump":69,"stat.playOneMinute":12482,"stat.fallOneCm":894,"stat.sneakTime":111,"stat.mineBlock.theaurorian.auroriancobblestone":54,"stat.damageDealt":3580,"stat.pickup.minecraft.porkchop":1,"stat.killEntity.Zombie":1,"stat.timeSinceDeath":12482,"stat.sprintOneCm":11863,"stat.useItem.minecraft.stone_slab2":186,"stat.useItem.minecraft.spawn_egg":19,"stat.killEntity.Pig":1,"stat.pickup.minecraft.chest":1}