{"stat.useItem.theaurorian.silentwoodsword":7,"stat.useItem.minecraft.golden_apple":1,"stat.flyOneCm":2036,"stat.walkOneCm":13366,"stat.jump":8,"stat.playOneMinute":2457,"stat.useItem.minecraft.milk_bucket":1,"stat.leaveGame":1,"stat.damageTaken":175,"stat.pickup.theaurorian.runestonegatekeyhole":1,"stat.damageDealt":396,"stat.useItem.theaurorian.aurorianstonesword":9,"stat.timeSinceDeath":2457,"stat.killEntity.disturbedhollow":2,"stat.sprintOneCm":2243,"stat.mobKills":2,"stat.useItem.minecraft.spawn_egg":2,"stat.useItem.minecraft.stone_slab2":1}