{"stat.walkOneCm":7957,"stat.pickup.theaurorian.auroriancobblestone":24,"stat.useItem.theaurorian.silentwoodpickaxe":26,"stat.leaveGame":2,"stat.mineBlock.minecraft.coal_ore":1,"stat.useItem.theaurorian.auroriancobblestone":16,"stat.flyOneCm":14051,"stat.jump":18,"stat.playOneMinute":2914,"stat.pickup.minecraft.coal":1,"stat.fallOneCm":209,"stat.sneakTime":37,"stat.mineBlock.theaurorian.auroriancobblestone":24,"stat.crouchOneCm":31,"stat.timeSinceDeath":2914,"stat.pickup.theaurorian.silentwoodpickaxe":1,"stat.sprintOneCm":1478,"stat.useItem.minecraft.stone_slab2":22}