{"stat.useItem.theaurorian.auroriancobblestone":12,"stat.flyOneCm":13756,"stat.walkOneCm":9455,"stat.pickup.minecraft.diamond":1,"stat.jump":63,"stat.pickup.minecraft.gold_ore":1,"stat.mineBlock.minecraft.lapis_ore":2,"stat.playOneMinute":6275,"stat.pickup.theaurorian.auroriancobblestone":28,"stat.useItem.theaurorian.silentwoodpickaxe":36,"stat.fallOneCm":418,"stat.mineBlock.minecraft.diamond_ore":1,"stat.leaveGame":1,"stat.sneakTime":4,"stat.mineBlock.theaurorian.auroriancobblestone":28,"stat.mineBlock.minecraft.iron_ore":1,"stat.timeSinceDeath":6275,"stat.sprintOneCm":5646,"stat.useItem.minecraft.stone_slab2":20,"stat.mineBlock.minecraft.gold_ore":1,"stat.pickup.minecraft.dye":11,"stat.pickup.minecraft.iron_ore":1}