{"stat.pickup.minecraft.rotten_flesh":5,"stat.walkOneCm":12403,"stat.useItem.minecraft.iron_sword":34,"stat.leaveGame":2,"stat.damageTaken":197,"stat.drop.minecraft.iron_leggings":4,"stat.mobKills":6,"stat.pickup.minecraft.iron_leggings":3,"stat.useItem.theaurorian.moonstonesword":10,"stat.useItem.minecraft.golden_apple":1,"stat.flyOneCm":13969,"stat.drop.minecraft.iron_helmet":3,"stat.drop":15,"stat.jump":35,"stat.playOneMinute":3915,"stat.pickup.minecraft.iron_helmet":2,"stat.fallOneCm":1325,"stat.killEntity.theaurorian.runestonedungeonkeeper":1,"stat.drop.minecraft.iron_chestplate":5,"stat.sneakTime":12,"stat.drop.minecraft.iron_boots":3,"stat.damageDealt":1592,"stat.killEntity.Zombie":5,"stat.timeSinceDeath":3915,"stat.sprintOneCm":3865,"stat.pickup.minecraft.iron_chestplate":4,"stat.useItem.minecraft.spawn_egg":1,"stat.pickup.minecraft.iron_boots":2}