{"stat.useItem.theaurorian.moonstonesword":6,"stat.useItem.minecraft.golden_apple":1,"stat.flyOneCm":7660,"stat.walkOneCm":15419,"stat.jump":15,"stat.playOneMinute":2265,"stat.killEntity.theaurorian.runestonedungeonkeeper":2,"stat.leaveGame":1,"stat.pickup.minecraft.slime_ball":13,"stat.sneakTime":7,"stat.killEntity.Slime":13,"stat.damageTaken":130,"stat.damageDealt":740,"stat.crouchOneCm":78,"stat.timeSinceDeath":2265,"stat.sprintOneCm":7480,"stat.mobKills":15,"stat.useItem.minecraft.spawn_egg":2,"stat.useItem.minecraft.stone_slab2":1,"stat.useItem.minecraft.diamond_sword":11}