{"stat.useItem.theaurorian.moonstonepickaxe":6,"stat.mineBlock.theaurorian.ceruleanore":2,"stat.mineBlock.theaurorian.auroriancoalore":2,"stat.flyOneCm":1793,"stat.walkOneCm":2958,"stat.pickup.theaurorian.ceruleanore":2,"stat.pickup.theaurorian.moonstoneore":2,"stat.jump":3,"stat.playOneMinute":851,"stat.leaveGame":1,"stat.sneakTime":3,"stat.mineBlock.theaurorian.moonstoneore":2,"stat.timeSinceDeath":851,"stat.pickup.theaurorian.auroriancoal":2,"stat.sprintOneCm":184,"stat.useItem.minecraft.stone_slab2":27}