{"stat.pickup.theaurorian.ceruleanchestplate":1,"stat.useItem.theaurorian.moonstonesword":21,"stat.flyOneCm":4964,"stat.walkOneCm":13063,"stat.jump":18,"stat.playOneMinute":2705,"stat.killEntity.theaurorian.runestonedungeonkeeper":3,"stat.useItem.minecraft.milk_bucket":1,"stat.leaveGame":1,"stat.sneakTime":1,"stat.damageTaken":255,"stat.damageDealt":1801,"stat.timeSinceDeath":2705,"stat.pickup.theaurorian.ceruleanleggings":1,"stat.sprintOneCm":8176,"stat.mobKills":3,"stat.useItem.minecraft.spawn_egg":3,"stat.useItem.minecraft.diamond_sword":9}