{"stat.pickup.minecraft.diamond_leggings":1,"stat.pickup.minecraft.rotten_flesh":5,"stat.flyOneCm":12358,"stat.walkOneCm":7965,"stat.drop":10,"stat.jump":58,"stat.playOneMinute":4555,"stat.useItem.minecraft.iron_sword":29,"stat.drop.minecraft.diamond_chestplate":2,"stat.drop.minecraft.diamond_helmet":2,"stat.leaveGame":1,"stat.pickup.minecraft.diamond_helmet":1,"stat.sneakTime":9,"stat.damageDealt":1599,"stat.killEntity.Zombie":3,"stat.timeSinceDeath":4555,"stat.drop.minecraft.diamond_leggings":2,"stat.drop.minecraft.diamond_boots":4,"stat.mobKills":8,"stat.pickup.minecraft.diamond_chestplate":1,"stat.sprintOneCm":4547,"stat.pickup.minecraft.diamond_boots":3,"stat.useItem.minecraft.diamond_sword":39}