{"stat.chestOpened":3,"stat.walkOneCm":61034,"stat.useItem.minecraft.chest":1,"stat.leaveGame":2,"stat.mineBlock.theaurorian.aurorianstone":72,"stat.useItem.theaurorian.moonstonesword":82,"stat.useItem.theaurorian.auroriancobblestone":105,"stat.jump":73,"stat.fallOneCm":894,"stat.mineBlock.theaurorian.auroriancobblestone":54,"stat.pickup.minecraft.porkchop":1,"stat.sprintOneCm":11863,"stat.useItem.minecraft.stone_slab2":186,"stat.pickup.minecraft.rotten_flesh":1,"stat.killEntity.theaurorian.disturbedhollow":20,"stat.pickup.theaurorian.auroriancobblestone":126,"stat.damageTaken":75,"stat.mobKills":22,"stat.useItem.theaurorian.moonstonepickaxe":126,"stat.flyOneCm":25254,"stat.playOneMinute":12779,"stat.sneakTime":124,"stat.damageDealt":3580,"stat.killEntity.Zombie":1,"stat.timeSinceDeath":12779,"stat.useItem.minecraft.spawn_egg":20,"stat.killEntity.Pig":1,"stat.pickup.minecraft.chest":1}