{"stat.flyOneCm":3342,"stat.walkOneCm":6008,"stat.jump":14,"stat.craftItem.theaurorian.moonstoneingot":3,"stat.playOneMinute":4488,"stat.leaveGame":2,"stat.useItem.theaurorian.moonstoneaxe":2,"stat.craftItem.minecraft.stone_slab2":0,"stat.craftItem.theaurorian.ceruleaningot":12,"stat.furnaceInteraction":11,"stat.timeSinceDeath":4488,"stat.pickup.minecraft.dirt":3,"stat.mineBlock.minecraft.dirt":3,"stat.sprintOneCm":2061,"stat.useItem.minecraft.stone_slab2":7,"stat.useItem.theaurorian.moonstonehoe":1}