{"stat.chestOpened":2,"stat.pickup.minecraft.rotten_flesh":2,"stat.walkOneCm":6859,"stat.drop.minecraft.diamond_chestplate":2,"stat.leaveGame":1,"stat.pickup.minecraft.diamond_helmet":2,"stat.drop.minecraft.diamond_boots":2,"stat.mobKills":3,"stat.pickup.minecraft.diamond_chestplate":2,"stat.pickup.minecraft.diamond_boots":2,"stat.useItem.minecraft.diamond_sword":32,"stat.pickup.minecraft.diamond_leggings":4,"stat.flyOneCm":19905,"stat.drop":10,"stat.jump":44,"stat.playOneMinute":6706,"stat.climbOneCm":216,"stat.drop.minecraft.diamond_helmet":2,"stat.sneakTime":11,"stat.damageDealt":600,"stat.killEntity.Zombie":3,"stat.timeSinceDeath":6706,"stat.drop.minecraft.diamond_leggings":4,"stat.sprintOneCm":4361,"stat.useItem.minecraft.stone_slab2":1}