{"stat.pickup.minecraft.rotten_flesh":4,"stat.flyOneCm":7384,"stat.killEntity.Skeleton":1,"stat.walkOneCm":11188,"stat.killEntity.theaurorian.disturbedhollow":2,"stat.pickup.minecraft.bone":1,"stat.drop":3,"stat.jump":45,"stat.playOneMinute":8252,"stat.useItem.minecraft.iron_sword":37,"stat.leaveGame":1,"stat.sneakTime":119,"stat.pickup.minecraft.arrow":1,"stat.drop.minecraft.iron_chestplate":3,"stat.damageDealt":1639,"stat.crouchOneCm":5,"stat.killEntity.Zombie":6,"stat.timeSinceDeath":8252,"stat.sprintOneCm":2073,"stat.mobKills":10,"stat.useItem.minecraft.stone_slab2":35,"stat.useItem.minecraft.spawn_egg":3,"stat.pickup.minecraft.iron_chestplate":4}