{"stat.flyOneCm":3251,"stat.walkOneCm":3502,"stat.jump":8,"stat.playOneMinute":2638,"stat.craftItem.theaurorian.silentwoodstick":8,"stat.leaveGame":1,"stat.craftItem.theaurorian.ceruleanleggings":1,"stat.craftItem.theaurorian.ceruleanhelmet":1,"stat.timeSinceDeath":2638,"stat.craftItem.theaurorian.ceruleanboots":1,"stat.craftItem.theaurorian.lockpicks":2,"stat.sprintOneCm":2870,"stat.useItem.minecraft.stone_slab2":1,"stat.pickup.theaurorian.silentwoodplanks":5,"stat.craftItem.theaurorian.ceruleanchestplate":1}