{"stat.walkOneCm":10353,"stat.useItem.theaurorian.silentwoodpickaxe":3,"stat.leaveGame":2,"stat.killEntity.Slime":5,"stat.mineBlock.theaurorian.aurorianstone":10,"stat.useItem.theaurorian.moonstonesword":6,"stat.jump":47,"stat.fallOneCm":836,"stat.mineBlock.theaurorian.moonstoneore":4,"stat.sprintOneCm":4797,"stat.useItem.minecraft.stone_slab2":24,"stat.killEntity.theaurorian.disturbedhollow":1,"stat.pickup.theaurorian.moonstoneore":4,"stat.pickup.theaurorian.auroriancobblestone":10,"stat.useItem.theaurorian.aurorianstonepickaxe":2,"stat.mobKills":6,"stat.useItem.theaurorian.moonstonepickaxe":9,"stat.flyOneCm":11011,"stat.playOneMinute":3131,"stat.pickup.minecraft.slime_ball":5,"stat.sneakTime":18,"stat.damageDealt":251,"stat.timeSinceDeath":3131}