{"stat.useItem.theaurorian.ceruleanbucketlava":2,"stat.walkOneCm":19686,"stat.leaveGame":2,"stat.useItem.theaurorian.silentwoodbow":1,"stat.furnaceInteraction":3,"stat.useItem.theaurorian.ceruleanbucket":5,"stat.useItem.theaurorian.ceruleanbucketwater":4,"stat.flyOneCm":110658,"stat.swimOneCm":746,"stat.jump":121,"stat.playOneMinute":9664,"stat.sneakTime":152,"stat.timeSinceDeath":9664,"stat.craftItem.theaurorian.ceruleanbucket":2,"stat.sprintOneCm":18026,"stat.useItem.minecraft.stone_slab2":129}