{"stat.pickup.minecraft.rotten_flesh":1,"stat.flyOneCm":496,"stat.walkOneCm":5423,"stat.jump":3,"stat.playOneMinute":1088,"stat.pickup.theaurorian.auroriancobblestone":2,"stat.useItem.theaurorian.silentwoodpickaxe":2,"stat.useItem.minecraft.iron_sword":1,"stat.leaveGame":1,"stat.damageTaken":9,"stat.damageDealt":59,"stat.timeSinceDeath":1088,"stat.killEntity.ZombieVillager":1,"stat.sprintOneCm":740,"stat.mobKills":1,"stat.useItem.minecraft.stone_slab2":1,"stat.mineBlock.theaurorian.aurorianstone":2}