{"stat.chestOpened":2,"stat.walkOneCm":14384,"stat.itemEnchanted":13,"stat.leaveGame":1,"stat.pickup.minecraft.arrow":63,"stat.useItem.theaurorian.silentwoodbow":14,"stat.damageTaken":20,"stat.furnaceInteraction":1,"stat.mineBlock.theaurorian.aurorianportal":1,"stat.useItem.theaurorian.silentwoodstick":11,"stat.useItem.theaurorian.moonstonepickaxe":1,"stat.flyOneCm":56429,"stat.useItem.theaurorian.aurorianportalframebricks":17,"stat.drop":2,"stat.jump":181,"stat.playOneMinute":8656,"stat.mineBlock.theaurorian.aurorianportalframebricks":1,"stat.fallOneCm":1589,"stat.climbOneCm":1607,"stat.sneakTime":45,"stat.crouchOneCm":124,"stat.drop.minecraft.arrow":2,"stat.timeSinceDeath":8656,"stat.pickup.theaurorian.aurorianportalframebricks":1,"stat.sprintOneCm":19636,"stat.useItem.minecraft.stone_slab2":31}