{"stat.killEntity.Skeleton":1,"stat.walkOneCm":20867,"stat.pickup.minecraft.golden_apple":186,"stat.leaveGame":1,"stat.pickup.minecraft.arrow":2,"stat.damageTaken":840,"stat.pickup.theaurorian.silentwoodstick":174,"stat.pickup.minecraft.leather_chestplate":1,"stat.mobKills":5,"stat.pickup.minecraft.leather_leggings":1,"stat.pickup.minecraft.leather_boots":1,"stat.entityKilledBy.theaurorian.runestonedungeonkeeper":3,"stat.useItem.minecraft.diamond_sword":41,"stat.pickup.minecraft.iron_leggings":3,"stat.pickup.minecraft.spawn_egg":165,"stat.useItem.minecraft.golden_apple":2,"stat.flyOneCm":42305,"stat.deaths":3,"stat.pickup.minecraft.diamond_sword":3,"stat.jump":52,"stat.playOneMinute":5239,"stat.pickup.minecraft.iron_helmet":3,"stat.fallOneCm":209,"stat.killEntity.theaurorian.runestonedungeonkeeper":4,"stat.pickup.minecraft.slime_ball":39,"stat.sneakTime":52,"stat.damageDealt":2603,"stat.pickup.theaurorian.plantfiber":183,"stat.timeSinceDeath":1924,"stat.pickup.minecraft.leather_helmet":2,"stat.sprintOneCm":16595,"stat.useItem.minecraft.spawn_egg":4,"stat.pickup.minecraft.iron_chestplate":3,"stat.pickup.minecraft.iron_boots":3}