{"stat.useItem.theaurorian.moonstonepickaxe":56,"stat.useItem.theaurorian.auroriancobblestone":48,"stat.chestOpened":2,"stat.flyOneCm":35864,"stat.useItem.theaurorian.auroriantallgrass":3,"stat.walkOneCm":25865,"stat.pickup.minecraft.diamond":5,"stat.jump":64,"stat.pickup.minecraft.gold_ore":3,"stat.playOneMinute":6667,"stat.pickup.theaurorian.auroriancobblestone":48,"stat.fallOneCm":209,"stat.mineBlock.minecraft.diamond_ore":5,"stat.leaveGame":1,"stat.sneakTime":107,"stat.mineBlock.theaurorian.auroriancobblestone":48,"stat.crouchOneCm":49,"stat.timeSinceDeath":6667,"stat.useItem.minecraft.gold_ore":2,"stat.sprintOneCm":4812,"stat.useItem.minecraft.stone_slab2":183,"stat.useItem.minecraft.tallgrass":2,"stat.mineBlock.minecraft.gold_ore":3}