{
  "minecraft:story/obtain_armor": {
    "criteria": {
      "iron_chestplate": "2019-10-24 13:20:23 -0700"
    },
    "done": true
  },
  "minecraft:adventure/root": {
    "criteria": {
      "killed_something": "2019-10-24 13:20:38 -0700"
    },
    "done": true
  },
  "minecraft:adventure/kill_a_mob": {
    "criteria": {
      "zombie": "2019-10-24 13:20:38 -0700"
    },
    "done": true
  },
  "minecraft:adventure/kill_all_mobs": {
    "criteria": {
      "zombie": "2019-10-24 13:20:38 -0700"
    },
    "done": false
  },
  "minecraft:adventure/adventuring_time": {
    "criteria": {
      "plains": "2019-10-24 13:20:23 -0700"
    },
    "done": false
  }
}