{
  "minecraft:adventure/root": {
    "criteria": {
      "killed_something": "2019-10-26 19:45:11 -0700"
    },
    "done": true
  },
  "minecraft:adventure/kill_a_mob": {
    "criteria": {
      "zombie": "2019-10-26 19:45:28 -0700"
    },
    "done": true
  },
  "minecraft:adventure/kill_all_mobs": {
    "criteria": {
      "zombie": "2019-10-26 19:45:28 -0700"
    },
    "done": false
  },
  "minecraft:adventure/adventuring_time": {
    "criteria": {
      "plains": "2019-10-26 19:44:55 -0700"
    },
    "done": false
  }
}